{"gh-interview::categories":[{"key":"req","title":"Requirements"},{"key":"prog","title":"In Progress"},{"key":"done","title":"Complete"}],"gh-interview::items":[{"category":"done","description":"Fix card bug","key":"item-0"},{"category":"done","description":"Handle default category","key":"item-1"},{"category":"done","description":"Add category item","key":"item-2"},{"category":"done","description":"Clear category text inputs","key":"item-3"},{"category":"done","description":"Remove category item","key":"item-4"},{"category":"done","description":"Add an item","key":"item-5"},{"category":"done","description":"Clear items text inputs","key":"item-6"},{"category":"done","description":"Get item from localstorage","key":"item-7"},{"category":"done","description":"Remove an item","key":"item-8"},{"category":"done","description":"move an item","key":"item-9"},{"category":"done","description":"Handle deleted category with associate items","key":"item-10"}]}